,,
,,
,,
ww,,
100,www,123askdfjsdklfcsdlk
100,www,123askdfjsdklfcsdlk
100,www,1,23,askdfj,sdklfcsdlk
100,www,1,23,askdfj,sdklfcsdlk
100,www,1,23,askdfj,sdklfcsdlk
105,www,2,23,askdfj,sdklfcsdlk
105,www,2,23,askdfj,sdklfcsdlk
110,fdsfsd,Male,21,skdfdskf,sdlk
200,ssss,Male,sdfds,scsdsdd,sdfds
220,sdfs,Male,28,SDFSD,SDAFDAS
999,,,,,
998,sdsa,Male,skdljdsk,sdfkldsj,sdfkjds
199,sdfds,Male,12,asdasdas,sdfds
299,sdfds,Male,12,sdfsf,sdfsdf
ass,asdfskj,Male,23,sddsl,dskfdk
100,enamul_ubc,Male,12,askdfj,s
500,sdfsd,Female,sdjkfh,lk;adsnklf,klsdjfk
SDHI,SDJFDS,Male,23,SWFSDH,JHDKF
111,Kaya,Female,,,
done,,,,,
test,efsd,Male,23,dfds,edf
102,"mirza saquib us sarwar",Male,26,"graduate student","micro nano fabrication"
3,Brendon,,,,
104,"James liu",,,,
5,,,,,
test2,,,,,
